id,nome,tipo_1,tipo_2,hp,ataque,defesa,sp_atk,sp_def,velocidade,sprite_url
1,Bulbasaur,Grass,Poison,45,49,49,65,65,45,https://raw.githubusercontent.com/PokeAPI/sprites/master/sprites/pokemon/versions/generation-iii/firered-leafgreen/1.png
2,Ivysaur,Grass,Poison,60,62,63,80,80,60,https://raw.githubusercontent.com/PokeAPI/sprites/master/sprites/pokemon/versions/generation-iii/firered-leafgreen/2.png
3,Venusaur,Grass,Poison,80,82,83,100,100,80,https://raw.githubusercontent.com/PokeAPI/sprites/master/sprites/pokemon/versions/generation-iii/firered-leafgreen/3.png
4,Charmander,Fire,,39,52,43,60,50,65,https://raw.githubusercontent.com/PokeAPI/sprites/master/sprites/pokemon/versions/generation-iii/firered-leafgreen/4.png
5,Charmeleon,Fire,,58,64,58,80,65,80,https://raw.githubusercontent.com/PokeAPI/sprites/master/sprites/pokemon/versions/generation-iii/firered-leafgreen/5.png
6,Charizard,Fire,Flying,78,84,78,109,85,100,https://raw.githubusercontent.com/PokeAPI/sprites/master/sprites/pokemon/versions/generation-iii/firered-leafgreen/6.png
7,Squirtle,Water,,44,48,65,50,64,43,https://raw.githubusercontent.com/PokeAPI/sprites/master/sprites/pokemon/versions/generation-iii/firered-leafgreen/7.png
8,Wartortle,Water,,59,63,80,65,80,58,https://raw.githubusercontent.com/PokeAPI/sprites/master/sprites/pokemon/versions/generation-iii/firered-leafgreen/8.png
9,Blastoise,Water,,79,83,100,85,105,78,https://raw.githubusercontent.com/PokeAPI/sprites/master/sprites/pokemon/versions/generation-iii/firered-leafgreen/9.png
10,Caterpie,Bug,,45,30,35,20,20,45,https://raw.githubusercontent.com/PokeAPI/sprites/master/sprites/pokemon/versions/generation-iii/firered-leafgreen/10.png
11,Metapod,Bug,,50,20,55,25,25,30,https://raw.githubusercontent.com/PokeAPI/sprites/master/sprites/pokemon/versions/generation-iii/firered-leafgreen/11.png
12,Butterfree,Bug,Flying,60,45,50,90,80,70,https://raw.githubusercontent.com/PokeAPI/sprites/master/sprites/pokemon/versions/generation-iii/firered-leafgreen/12.png
13,Weedle,Bug,Poison,40,35,30,20,20,50,https://raw.githubusercontent.com/PokeAPI/sprites/master/sprites/pokemon/versions/generation-iii/firered-leafgreen/13.png
14,Kakuna,Bug,Poison,45,25,50,25,25,35,https://raw.githubusercontent.com/PokeAPI/sprites/master/sprites/pokemon/versions/generation-iii/firered-leafgreen/14.png
15,Beedrill,Bug,Poison,65,90,40,45,80,75,https://raw.githubusercontent.com/PokeAPI/sprites/master/sprites/pokemon/versions/generation-iii/firered-leafgreen/15.png
16,Pidgey,Normal,Flying,40,45,40,35,35,56,https://raw.githubusercontent.com/PokeAPI/sprites/master/sprites/pokemon/versions/generation-iii/firered-leafgreen/16.png
17,Pidgeotto,Normal,Flying,63,60,55,50,50,71,https://raw.githubusercontent.com/PokeAPI/sprites/master/sprites/pokemon/versions/generation-iii/firered-leafgreen/17.png
18,Pidgeot,Normal,Flying,83,80,75,70,70,101,https://raw.githubusercontent.com/PokeAPI/sprites/master/sprites/pokemon/versions/generation-iii/firered-leafgreen/18.png
19,Rattata,Normal,,30,56,35,25,35,72,https://raw.githubusercontent.com/PokeAPI/sprites/master/sprites/pokemon/versions/generation-iii/firered-leafgreen/19.png
20,Raticate,Normal,,55,81,60,50,70,97,https://raw.githubusercontent.com/PokeAPI/sprites/master/sprites/pokemon/versions/generation-iii/firered-leafgreen/20.png
21,Spearow,Normal,Flying,40,60,30,31,31,70,https://raw.githubusercontent.com/PokeAPI/sprites/master/sprites/pokemon/versions/generation-iii/firered-leafgreen/21.png
22,Fearow,Normal,Flying,65,90,65,61,61,100,https://raw.githubusercontent.com/PokeAPI/sprites/master/sprites/pokemon/versions/generation-iii/firered-leafgreen/22.png
23,Ekans,Poison,,35,60,44,40,54,55,https://raw.githubusercontent.com/PokeAPI/sprites/master/sprites/pokemon/versions/generation-iii/firered-leafgreen/23.png
24,Arbok,Poison,,60,95,69,65,79,80,https://raw.githubusercontent.com/PokeAPI/sprites/master/sprites/pokemon/versions/generation-iii/firered-leafgreen/24.png
25,Pikachu,Electric,,35,55,40,50,50,90,https://raw.githubusercontent.com/PokeAPI/sprites/master/sprites/pokemon/versions/generation-iii/firered-leafgreen/25.png
26,Raichu,Electric,,60,90,55,90,80,110,https://raw.githubusercontent.com/PokeAPI/sprites/master/sprites/pokemon/versions/generation-iii/firered-leafgreen/26.png
27,Sandshrew,Ground,,50,75,85,20,30,40,https://raw.githubusercontent.com/PokeAPI/sprites/master/sprites/pokemon/versions/generation-iii/firered-leafgreen/27.png
28,Sandslash,Ground,,75,100,110,45,55,65,https://raw.githubusercontent.com/PokeAPI/sprites/master/sprites/pokemon/versions/generation-iii/firered-leafgreen/28.png
29,Nidoran♀,Poison,,55,47,52,40,40,41,https://raw.githubusercontent.com/PokeAPI/sprites/master/sprites/pokemon/versions/generation-iii/firered-leafgreen/29.png
30,Nidorina,Poison,,70,62,67,55,55,56,https://raw.githubusercontent.com/PokeAPI/sprites/master/sprites/pokemon/versions/generation-iii/firered-leafgreen/30.png
31,Nidoqueen,Poison,Ground,90,92,87,75,85,76,https://raw.githubusercontent.com/PokeAPI/sprites/master/sprites/pokemon/versions/generation-iii/firered-leafgreen/31.png
32,Nidoran♂,Poison,,46,57,40,40,40,50,https://raw.githubusercontent.com/PokeAPI/sprites/master/sprites/pokemon/versions/generation-iii/firered-leafgreen/32.png
33,Nidorino,Poison,,61,72,57,55,55,65,https://raw.githubusercontent.com/PokeAPI/sprites/master/sprites/pokemon/versions/generation-iii/firered-leafgreen/33.png
34,Nidoking,Poison,Ground,81,102,77,85,75,85,https://raw.githubusercontent.com/PokeAPI/sprites/master/sprites/pokemon/versions/generation-iii/firered-leafgreen/34.png
35,Clefairy,Fairy,,70,45,48,60,65,35,https://raw.githubusercontent.com/PokeAPI/sprites/master/sprites/pokemon/versions/generation-iii/firered-leafgreen/35.png
36,Clefable,Fairy,,95,70,73,95,90,60,https://raw.githubusercontent.com/PokeAPI/sprites/master/sprites/pokemon/versions/generation-iii/firered-leafgreen/36.png
37,Vulpix,Fire,,38,41,40,50,65,65,https://raw.githubusercontent.com/PokeAPI/sprites/master/sprites/pokemon/versions/generation-iii/firered-leafgreen/37.png
38,Ninetales,Fire,,73,76,75,81,100,100,https://raw.githubusercontent.com/PokeAPI/sprites/master/sprites/pokemon/versions/generation-iii/firered-leafgreen/38.png
39,Jigglypuff,Normal,Fairy,115,45,20,45,25,20,https://raw.githubusercontent.com/PokeAPI/sprites/master/sprites/pokemon/versions/generation-iii/firered-leafgreen/39.png
40,Wigglytuff,Normal,Fairy,140,70,45,85,50,45,https://raw.githubusercontent.com/PokeAPI/sprites/master/sprites/pokemon/versions/generation-iii/firered-leafgreen/40.png
41,Zubat,Poison,Flying,40,45,35,30,40,55,https://raw.githubusercontent.com/PokeAPI/sprites/master/sprites/pokemon/versions/generation-iii/firered-leafgreen/41.png
42,Golbat,Poison,Flying,75,80,70,65,75,90,https://raw.githubusercontent.com/PokeAPI/sprites/master/sprites/pokemon/versions/generation-iii/firered-leafgreen/42.png
43,Oddish,Grass,Poison,45,50,55,75,65,30,https://raw.githubusercontent.com/PokeAPI/sprites/master/sprites/pokemon/versions/generation-iii/firered-leafgreen/43.png
44,Gloom,Grass,Poison,60,65,70,85,75,40,https://raw.githubusercontent.com/PokeAPI/sprites/master/sprites/pokemon/versions/generation-iii/firered-leafgreen/44.png
45,Vileplume,Grass,Poison,75,80,85,110,90,50,https://raw.githubusercontent.com/PokeAPI/sprites/master/sprites/pokemon/versions/generation-iii/firered-leafgreen/45.png
46,Paras,Bug,Grass,35,70,55,45,55,25,https://raw.githubusercontent.com/PokeAPI/sprites/master/sprites/pokemon/versions/generation-iii/firered-leafgreen/46.png
47,Parasect,Bug,Grass,60,95,80,60,80,30,https://raw.githubusercontent.com/PokeAPI/sprites/master/sprites/pokemon/versions/generation-iii/firered-leafgreen/47.png
48,Venonat,Bug,Poison,60,55,50,40,55,45,https://raw.githubusercontent.com/PokeAPI/sprites/master/sprites/pokemon/versions/generation-iii/firered-leafgreen/48.png
49,Venomoth,Bug,Poison,70,65,60,90,75,90,https://raw.githubusercontent.com/PokeAPI/sprites/master/sprites/pokemon/versions/generation-iii/firered-leafgreen/49.png
50,Diglett,Ground,,10,55,25,35,45,95,https://raw.githubusercontent.com/PokeAPI/sprites/master/sprites/pokemon/versions/generation-iii/firered-leafgreen/50.png
51,Dugtrio,Ground,,35,100,50,50,70,120,https://raw.githubusercontent.com/PokeAPI/sprites/master/sprites/pokemon/versions/generation-iii/firered-leafgreen/51.png
52,Meowth,Normal,,40,45,35,40,40,90,https://raw.githubusercontent.com/PokeAPI/sprites/master/sprites/pokemon/versions/generation-iii/firered-leafgreen/52.png
53,Persian,Normal,,65,70,60,65,65,115,https://raw.githubusercontent.com/PokeAPI/sprites/master/sprites/pokemon/versions/generation-iii/firered-leafgreen/53.png
54,Psyduck,Water,,50,52,48,65,50,55,https://raw.githubusercontent.com/PokeAPI/sprites/master/sprites/pokemon/versions/generation-iii/firered-leafgreen/54.png
55,Golduck,Water,,80,82,78,95,80,85,https://raw.githubusercontent.com/PokeAPI/sprites/master/sprites/pokemon/versions/generation-iii/firered-leafgreen/55.png
56,Mankey,Fighting,,40,80,35,35,45,70,https://raw.githubusercontent.com/PokeAPI/sprites/master/sprites/pokemon/versions/generation-iii/firered-leafgreen/56.png
57,Primeape,Fighting,,65,105,60,60,70,95,https://raw.githubusercontent.com/PokeAPI/sprites/master/sprites/pokemon/versions/generation-iii/firered-leafgreen/57.png
58,Growlithe,Fire,,55,70,45,70,50,60,https://raw.githubusercontent.com/PokeAPI/sprites/master/sprites/pokemon/versions/generation-iii/firered-leafgreen/58.png
59,Arcanine,Fire,,90,110,80,100,80,95,https://raw.githubusercontent.com/PokeAPI/sprites/master/sprites/pokemon/versions/generation-iii/firered-leafgreen/59.png
60,Poliwag,Water,,40,50,40,40,40,90,https://raw.githubusercontent.com/PokeAPI/sprites/master/sprites/pokemon/versions/generation-iii/firered-leafgreen/60.png
61,Poliwhirl,Water,,65,65,65,50,50,90,https://raw.githubusercontent.com/PokeAPI/sprites/master/sprites/pokemon/versions/generation-iii/firered-leafgreen/61.png
62,Poliwrath,Water,Fighting,90,95,95,70,90,70,https://raw.githubusercontent.com/PokeAPI/sprites/master/sprites/pokemon/versions/generation-iii/firered-leafgreen/62.png
63,Abra,Psychic,,25,20,15,105,55,90,https://raw.githubusercontent.com/PokeAPI/sprites/master/sprites/pokemon/versions/generation-iii/firered-leafgreen/63.png
64,Kadabra,Psychic,,40,35,30,120,70,105,https://raw.githubusercontent.com/PokeAPI/sprites/master/sprites/pokemon/versions/generation-iii/firered-leafgreen/64.png
65,Alakazam,Psychic,,55,50,45,135,95,120,https://raw.githubusercontent.com/PokeAPI/sprites/master/sprites/pokemon/versions/generation-iii/firered-leafgreen/65.png
66,Machop,Fighting,,70,80,50,35,35,35,https://raw.githubusercontent.com/PokeAPI/sprites/master/sprites/pokemon/versions/generation-iii/firered-leafgreen/66.png
67,Machoke,Fighting,,80,100,70,50,50,45,https://raw.githubusercontent.com/PokeAPI/sprites/master/sprites/pokemon/versions/generation-iii/firered-leafgreen/67.png
68,Machamp,Fighting,,90,130,80,65,85,55,https://raw.githubusercontent.com/PokeAPI/sprites/master/sprites/pokemon/versions/generation-iii/firered-leafgreen/68.png
69,Bellsprout,Grass,Poison,50,75,35,70,30,40,https://raw.githubusercontent.com/PokeAPI/sprites/master/sprites/pokemon/versions/generation-iii/firered-leafgreen/69.png
70,Weepinbell,Grass,Poison,65,90,50,85,45,55,https://raw.githubusercontent.com/PokeAPI/sprites/master/sprites/pokemon/versions/generation-iii/firered-leafgreen/70.png
71,Victreebel,Grass,Poison,80,105,65,100,70,70,https://raw.githubusercontent.com/PokeAPI/sprites/master/sprites/pokemon/versions/generation-iii/firered-leafgreen/71.png
72,Tentacool,Water,Poison,40,40,35,50,100,70,https://raw.githubusercontent.com/PokeAPI/sprites/master/sprites/pokemon/versions/generation-iii/firered-leafgreen/72.png
73,Tentacruel,Water,Poison,80,70,65,80,120,100,https://raw.githubusercontent.com/PokeAPI/sprites/master/sprites/pokemon/versions/generation-iii/firered-leafgreen/73.png
74,Geodude,Rock,Ground,40,80,100,30,30,20,https://raw.githubusercontent.com/PokeAPI/sprites/master/sprites/pokemon/versions/generation-iii/firered-leafgreen/74.png
75,Graveler,Rock,Ground,55,95,115,45,45,35,https://raw.githubusercontent.com/PokeAPI/sprites/master/sprites/pokemon/versions/generation-iii/firered-leafgreen/75.png
76,Golem,Rock,Ground,80,120,130,55,65,45,https://raw.githubusercontent.com/PokeAPI/sprites/master/sprites/pokemon/versions/generation-iii/firered-leafgreen/76.png
77,Ponyta,Fire,,50,85,55,65,65,90,https://raw.githubusercontent.com/PokeAPI/sprites/master/sprites/pokemon/versions/generation-iii/firered-leafgreen/77.png
78,Rapidash,Fire,,65,100,70,80,80,105,https://raw.githubusercontent.com/PokeAPI/sprites/master/sprites/pokemon/versions/generation-iii/firered-leafgreen/78.png
79,Slowpoke,Water,Psychic,90,65,65,40,40,15,https://raw.githubusercontent.com/PokeAPI/sprites/master/sprites/pokemon/versions/generation-iii/firered-leafgreen/79.png
80,Slowbro,Water,Psychic,95,75,110,100,80,30,https://raw.githubusercontent.com/PokeAPI/sprites/master/sprites/pokemon/versions/generation-iii/firered-leafgreen/80.png
81,Magnemite,Electric,Steel,25,35,70,95,55,45,https://raw.githubusercontent.com/PokeAPI/sprites/master/sprites/pokemon/versions/generation-iii/firered-leafgreen/81.png
82,Magneton,Electric,Steel,50,60,95,120,70,70,https://raw.githubusercontent.com/PokeAPI/sprites/master/sprites/pokemon/versions/generation-iii/firered-leafgreen/82.png
83,Farfetch'd,Normal,Flying,52,90,55,58,62,60,https://raw.githubusercontent.com/PokeAPI/sprites/master/sprites/pokemon/versions/generation-iii/firered-leafgreen/83.png
84,Doduo,Normal,Flying,35,85,45,35,35,75,https://raw.githubusercontent.com/PokeAPI/sprites/master/sprites/pokemon/versions/generation-iii/firered-leafgreen/84.png
85,Dodrio,Normal,Flying,60,110,70,60,60,110,https://raw.githubusercontent.com/PokeAPI/sprites/master/sprites/pokemon/versions/generation-iii/firered-leafgreen/85.png
86,Seel,Water,,65,45,55,45,70,45,https://raw.githubusercontent.com/PokeAPI/sprites/master/sprites/pokemon/versions/generation-iii/firered-leafgreen/86.png
87,Dewgong,Water,Ice,90,70,80,70,95,70,https://raw.githubusercontent.com/PokeAPI/sprites/master/sprites/pokemon/versions/generation-iii/firered-leafgreen/87.png
88,Grimer,Poison,,80,80,50,40,50,25,https://raw.githubusercontent.com/PokeAPI/sprites/master/sprites/pokemon/versions/generation-iii/firered-leafgreen/88.png
89,Muk,Poison,,105,105,75,65,100,50,https://raw.githubusercontent.com/PokeAPI/sprites/master/sprites/pokemon/versions/generation-iii/firered-leafgreen/89.png
90,Shellder,Water,,30,65,100,45,25,40,https://raw.githubusercontent.com/PokeAPI/sprites/master/sprites/pokemon/versions/generation-iii/firered-leafgreen/90.png
91,Cloyster,Water,Ice,50,95,180,85,45,70,https://raw.githubusercontent.com/PokeAPI/sprites/master/sprites/pokemon/versions/generation-iii/firered-leafgreen/91.png
92,Gastly,Ghost,Poison,30,35,30,100,35,80,https://raw.githubusercontent.com/PokeAPI/sprites/master/sprites/pokemon/versions/generation-iii/firered-leafgreen/92.png
93,Haunter,Ghost,Poison,45,50,45,115,55,95,https://raw.githubusercontent.com/PokeAPI/sprites/master/sprites/pokemon/versions/generation-iii/firered-leafgreen/93.png
94,Gengar,Ghost,Poison,60,65,60,130,75,110,https://raw.githubusercontent.com/PokeAPI/sprites/master/sprites/pokemon/versions/generation-iii/firered-leafgreen/94.png
95,Onix,Rock,Ground,35,45,160,30,45,70,https://raw.githubusercontent.com/PokeAPI/sprites/master/sprites/pokemon/versions/generation-iii/firered-leafgreen/95.png
96,Drowzee,Psychic,,60,48,45,43,90,42,https://raw.githubusercontent.com/PokeAPI/sprites/master/sprites/pokemon/versions/generation-iii/firered-leafgreen/96.png
97,Hypno,Psychic,,85,73,70,73,115,67,https://raw.githubusercontent.com/PokeAPI/sprites/master/sprites/pokemon/versions/generation-iii/firered-leafgreen/97.png
98,Krabby,Water,,30,105,90,25,25,50,https://raw.githubusercontent.com/PokeAPI/sprites/master/sprites/pokemon/versions/generation-iii/firered-leafgreen/98.png
99,Kingler,Water,,55,130,115,50,50,75,https://raw.githubusercontent.com/PokeAPI/sprites/master/sprites/pokemon/versions/generation-iii/firered-leafgreen/99.png
100,Voltorb,Electric,,40,30,50,55,55,100,https://raw.githubusercontent.com/PokeAPI/sprites/master/sprites/pokemon/versions/generation-iii/firered-leafgreen/100.png
101,Electrode,Electric,,60,50,70,80,80,150,https://raw.githubusercontent.com/PokeAPI/sprites/master/sprites/pokemon/versions/generation-iii/firered-leafgreen/101.png
102,Exeggcute,Grass,Psychic,60,40,80,60,45,40,https://raw.githubusercontent.com/PokeAPI/sprites/master/sprites/pokemon/versions/generation-iii/firered-leafgreen/102.png
103,Exeggutor,Grass,Psychic,95,95,85,125,75,55,https://raw.githubusercontent.com/PokeAPI/sprites/master/sprites/pokemon/versions/generation-iii/firered-leafgreen/103.png
104,Cubone,Ground,,50,50,95,40,50,35,https://raw.githubusercontent.com/PokeAPI/sprites/master/sprites/pokemon/versions/generation-iii/firered-leafgreen/104.png
105,Marowak,Ground,,60,80,110,50,80,45,https://raw.githubusercontent.com/PokeAPI/sprites/master/sprites/pokemon/versions/generation-iii/firered-leafgreen/105.png
106,Hitmonlee,Fighting,,50,120,53,35,110,87,https://raw.githubusercontent.com/PokeAPI/sprites/master/sprites/pokemon/versions/generation-iii/firered-leafgreen/106.png
107,Hitmonchan,Fighting,,50,105,79,35,110,76,https://raw.githubusercontent.com/PokeAPI/sprites/master/sprites/pokemon/versions/generation-iii/firered-leafgreen/107.png
108,Lickitung,Normal,,90,55,75,60,75,30,https://raw.githubusercontent.com/PokeAPI/sprites/master/sprites/pokemon/versions/generation-iii/firered-leafgreen/108.png
109,Koffing,Poison,,40,65,95,60,45,35,https://raw.githubusercontent.com/PokeAPI/sprites/master/sprites/pokemon/versions/generation-iii/firered-leafgreen/109.png
110,Weezing,Poison,,65,90,120,85,70,60,https://raw.githubusercontent.com/PokeAPI/sprites/master/sprites/pokemon/versions/generation-iii/firered-leafgreen/110.png
111,Rhyhorn,Ground,Rock,80,85,95,30,30,25,https://raw.githubusercontent.com/PokeAPI/sprites/master/sprites/pokemon/versions/generation-iii/firered-leafgreen/111.png
112,Rhydon,Ground,Rock,105,130,120,45,45,40,https://raw.githubusercontent.com/PokeAPI/sprites/master/sprites/pokemon/versions/generation-iii/firered-leafgreen/112.png
113,Chansey,Normal,,250,5,5,35,105,50,https://raw.githubusercontent.com/PokeAPI/sprites/master/sprites/pokemon/versions/generation-iii/firered-leafgreen/113.png
114,Tangela,Grass,,65,55,115,100,40,60,https://raw.githubusercontent.com/PokeAPI/sprites/master/sprites/pokemon/versions/generation-iii/firered-leafgreen/114.png
115,Kangaskhan,Normal,,105,95,80,40,80,90,https://raw.githubusercontent.com/PokeAPI/sprites/master/sprites/pokemon/versions/generation-iii/firered-leafgreen/115.png
116,Horsea,Water,,30,40,70,70,25,60,https://raw.githubusercontent.com/PokeAPI/sprites/master/sprites/pokemon/versions/generation-iii/firered-leafgreen/116.png
117,Seadra,Water,,55,65,95,95,45,85,https://raw.githubusercontent.com/PokeAPI/sprites/master/sprites/pokemon/versions/generation-iii/firered-leafgreen/117.png
118,Goldeen,Water,,45,67,60,35,50,63,https://raw.githubusercontent.com/PokeAPI/sprites/master/sprites/pokemon/versions/generation-iii/firered-leafgreen/118.png
119,Seaking,Water,,80,92,65,65,80,68,https://raw.githubusercontent.com/PokeAPI/sprites/master/sprites/pokemon/versions/generation-iii/firered-leafgreen/119.png
120,Staryu,Water,,30,45,55,70,55,85,https://raw.githubusercontent.com/PokeAPI/sprites/master/sprites/pokemon/versions/generation-iii/firered-leafgreen/120.png
121,Starmie,Water,Psychic,60,75,85,100,85,115,https://raw.githubusercontent.com/PokeAPI/sprites/master/sprites/pokemon/versions/generation-iii/firered-leafgreen/121.png
122,Mr. Mime,Psychic,Fairy,40,45,65,100,120,90,https://raw.githubusercontent.com/PokeAPI/sprites/master/sprites/pokemon/versions/generation-iii/firered-leafgreen/122.png
123,Scyther,Bug,Flying,70,110,80,55,80,105,https://raw.githubusercontent.com/PokeAPI/sprites/master/sprites/pokemon/versions/generation-iii/firered-leafgreen/123.png
124,Jynx,Ice,Psychic,65,50,35,115,95,95,https://raw.githubusercontent.com/PokeAPI/sprites/master/sprites/pokemon/versions/generation-iii/firered-leafgreen/124.png
125,Electabuzz,Electric,,65,83,57,95,85,105,https://raw.githubusercontent.com/PokeAPI/sprites/master/sprites/pokemon/versions/generation-iii/firered-leafgreen/125.png
126,Magmar,Fire,,65,95,57,100,85,93,https://raw.githubusercontent.com/PokeAPI/sprites/master/sprites/pokemon/versions/generation-iii/firered-leafgreen/126.png
127,Pinsir,Bug,,65,125,100,55,70,85,https://raw.githubusercontent.com/PokeAPI/sprites/master/sprites/pokemon/versions/generation-iii/firered-leafgreen/127.png
128,Tauros,Normal,,75,100,95,40,70,110,https://raw.githubusercontent.com/PokeAPI/sprites/master/sprites/pokemon/versions/generation-iii/firered-leafgreen/128.png
129,Magikarp,Water,,20,10,55,15,20,80,https://raw.githubusercontent.com/PokeAPI/sprites/master/sprites/pokemon/versions/generation-iii/firered-leafgreen/129.png
130,Gyarados,Water,Flying,95,125,79,60,100,81,https://raw.githubusercontent.com/PokeAPI/sprites/master/sprites/pokemon/versions/generation-iii/firered-leafgreen/130.png
131,Lapras,Water,Ice,130,85,80,85,95,60,https://raw.githubusercontent.com/PokeAPI/sprites/master/sprites/pokemon/versions/generation-iii/firered-leafgreen/131.png
132,Ditto,Normal,,48,48,48,48,48,48,https://raw.githubusercontent.com/PokeAPI/sprites/master/sprites/pokemon/versions/generation-iii/firered-leafgreen/132.png
133,Eevee,Normal,,55,55,50,45,65,55,https://raw.githubusercontent.com/PokeAPI/sprites/master/sprites/pokemon/versions/generation-iii/firered-leafgreen/133.png
134,Vaporeon,Water,,130,65,60,110,95,65,https://raw.githubusercontent.com/PokeAPI/sprites/master/sprites/pokemon/versions/generation-iii/firered-leafgreen/134.png
135,Jolteon,Electric,,65,65,60,110,95,130,https://raw.githubusercontent.com/PokeAPI/sprites/master/sprites/pokemon/versions/generation-iii/firered-leafgreen/135.png
136,Flareon,Fire,,65,130,60,95,110,65,https://raw.githubusercontent.com/PokeAPI/sprites/master/sprites/pokemon/versions/generation-iii/firered-leafgreen/136.png
137,Porygon,Normal,,65,60,70,85,75,40,https://raw.githubusercontent.com/PokeAPI/sprites/master/sprites/pokemon/versions/generation-iii/firered-leafgreen/137.png
138,Omanyte,Rock,Water,35,40,100,90,55,35,https://raw.githubusercontent.com/PokeAPI/sprites/master/sprites/pokemon/versions/generation-iii/firered-leafgreen/138.png
139,Omastar,Rock,Water,70,60,125,115,70,55,https://raw.githubusercontent.com/PokeAPI/sprites/master/sprites/pokemon/versions/generation-iii/firered-leafgreen/139.png
140,Kabuto,Rock,Water,30,80,90,55,45,55,https://raw.githubusercontent.com/PokeAPI/sprites/master/sprites/pokemon/versions/generation-iii/firered-leafgreen/140.png
141,Kabutops,Rock,Water,60,115,105,65,70,80,https://raw.githubusercontent.com/PokeAPI/sprites/master/sprites/pokemon/versions/generation-iii/firered-leafgreen/141.png
142,Aerodactyl,Rock,Flying,80,105,65,60,75,130,https://raw.githubusercontent.com/PokeAPI/sprites/master/sprites/pokemon/versions/generation-iii/firered-leafgreen/142.png
143,Snorlax,Normal,,160,110,65,65,110,30,https://raw.githubusercontent.com/PokeAPI/sprites/master/sprites/pokemon/versions/generation-iii/firered-leafgreen/143.png
144,Articuno,Ice,Flying,90,85,100,95,125,85,https://raw.githubusercontent.com/PokeAPI/sprites/master/sprites/pokemon/versions/generation-iii/firered-leafgreen/144.png
145,Zapdos,Electric,Flying,90,90,85,125,90,100,https://raw.githubusercontent.com/PokeAPI/sprites/master/sprites/pokemon/versions/generation-iii/firered-leafgreen/145.png
146,Moltres,Fire,Flying,90,100,90,125,85,90,https://raw.githubusercontent.com/PokeAPI/sprites/master/sprites/pokemon/versions/generation-iii/firered-leafgreen/146.png
147,Dratini,Dragon,,41,64,45,50,50,50,https://raw.githubusercontent.com/PokeAPI/sprites/master/sprites/pokemon/versions/generation-iii/firered-leafgreen/147.png
148,Dragonair,Dragon,,61,84,65,70,70,70,https://raw.githubusercontent.com/PokeAPI/sprites/master/sprites/pokemon/versions/generation-iii/firered-leafgreen/148.png
149,Dragonite,Dragon,Flying,91,134,95,100,100,80,https://raw.githubusercontent.com/PokeAPI/sprites/master/sprites/pokemon/versions/generation-iii/firered-leafgreen/149.png
150,Mewtwo,Psychic,,106,110,90,154,90,130,https://raw.githubusercontent.com/PokeAPI/sprites/master/sprites/pokemon/versions/generation-iii/firered-leafgreen/150.png
151,Mew,Psychic,,100,100,100,100,100,100,https://raw.githubusercontent.com/PokeAPI/sprites/master/sprites/pokemon/versions/generation-iii/firered-leafgreen/151.png
